"","Origin","Destination","Intercept","Slope","p-value","R^2","2020","2030","2040","2050","2060","2070"
"1","Syrian Arab Republic","United Arab Emirates","-5330","1086.19","0.00725333276472987","0.934536783402912",59841.4,70703.3,81565.2,92427.1,103289,114150.9
"2","Syrian Arab Republic","Qatar","-70.6000000000017","245.38","0.0374519329861037","0.809786472642161",14652.2,17106,19559.8,22013.6,24467.4,26921.2
"3","Syrian Arab Republic","Oman","-120.2","41.24","0.014355243072235","0.897619868949446",2354.2,2766.6,3179,3591.4,4003.8,4416.2
"4","Syrian Arab Republic","Switzerland","76.9999999999998","16.88","0.18635229098771","0.492729784262634",1089.8,1258.6,1427.4,1596.2,1765,1933.8
"5","Syrian Arab Republic","Australia","-394.000000000001","175.07","0.00347061110768763","0.959741368162761",10110.2,11860.9,13611.6,15362.3,17113,18863.7
"6","Syrian Arab Republic","Canada","-1329","357.54","0.0181240987330153","0.880843340699614",20123.4,23698.8,27274.2,30849.6,34425,38000.4
"7","Syrian Arab Republic","Germany","-1159.2","549.16","0.0456927357161531","0.784139150894337",31790.4,37282,42773.6,48265.2,53756.8,59248.4
"8","Syrian Arab Republic","United Kingdom","246.999999999999","126.48","0.141850261287259","0.566871259976985",7835.8,9100.6,10365.4,11630.2,12895,14159.8
"9","Syrian Arab Republic","United States","11939.4","975.94","0.0152236350027173","0.893624118588318",70495.8,80255.2,90014.6,99774,109533.4,119292.8
"10","Syrian Arab Republic","Iraq","5797.8","-81.38","0.154664650263716","0.5443652403195",915.000000000001,101.200000000001,-712.599999999999,-1526.4,-2340.2,-3154
"11","Syrian Arab Republic","Jordan","-3750.20000000001","862.27","0.0149041653728624","0.895084205302809",47986,56608.7,65231.4,73854.1,82476.8,91099.5
"12","Syrian Arab Republic","Kuwait","9006.79999999998","2741.86","0.0120146135718193","0.908854132375801",173518.4,200937,228355.6,255774.2,283192.8,310611.4
"13","Syrian Arab Republic","Lebanon","-796.000000000002","162.6","0.072426370246624","0.71179765174372",8960,10586,12212,13838,15464,17090
"14","Syrian Arab Republic","Saudi Arabia","-9873.80000000002","2979.15","0.00980376437458798","0.920215958028216",168875.2,198666.7,228458.2,258249.7,288041.2,317832.7
"15","Syrian Arab Republic","Turkey","5462.2","-13.65","0.632106348486592","0.0859661100967853",4643.2,4506.7,4370.2,4233.7,4097.2,3960.7
"16","Syrian Arab Republic","France","2909.2","171.21","0.345720465940913","0.293402716692939",13181.8,14893.9,16606,18318.1,20030.2,21742.3
"17","India","United Arab Emirates","-94040","19164.37","0.00725264853303478","0.934540844373102",1055822.2,1247465.9,1439109.6,1630753.3,1822397,2014040.7
"18","India","Qatar","-6476.2","1373.98","0.00577964339767025","0.943627362540264",75962.6,89702.4,103442.2,117182,130921.8,144661.6
"19","India","Oman","-22116.8","7609.44","0.0143732341165026","0.897536209342952",434449.6,510544,586638.4,662732.8,738827.2,814921.6
"20","India","Switzerland","-594.200000000001","124.89","0.125925988520367","0.596360617477288",6899.2,8148.1,9397,10645.9,11894.8,13143.7
"21","India","Afghanistan","23418.6","-529.98","0.104776069727042","0.63856123827065",-8380.2,-13680,-18979.8,-24279.6,-29579.4,-34879.2
"22","India","Australia","4594.19999999998","2022.98","0.00623270221654829","0.940754233799447",125973,146202.8,166432.6,186662.4,206892.2,227122
"23","India","Canada","-22357.0000000001","7146.5","0.017069987227553","0.885394781499351",406433,477898,549363,620828,692293,763758
"24","India","Germany","3887.79999999999","782.57","0.0403538104540982","0.8005204067419",50842,58667.7,66493.4,74319.1,82144.8,89970.5
"25","India","United Kingdom","224351.8","7614.66","0.00605740337141074","0.941856958961259",681231.4,757378,833524.6,909671.2,985817.8,1061964.4
"26","India","United States","-126382.4","24791.13","0.0197430844205171","0.874038648757748",1361085.4,1608996.7,1856908,2104819.3,2352730.6,2600641.9
"27","India","Iraq","1230","-28.55","0.00274032785313237","0.965566769726477",-483,-768.5,-1054,-1339.5,-1625,-1910.5
"28","India","Jordan","-608.4","74.04","0.107615840734575","0.63266982915316",3834,4574.4,5314.8,6055.2,6795.6,7536
"29","India","Kuwait","2838.79999999998","2786.04","0.00986254599401147","0.919902712038812",170001.2,197861.6,225722,253582.4,281442.8,309303.2
"30","India","Lebanon","-6640.40000000001","903.060000000001","0.0371113178638479","0.810892405679795",47543.2000000001,56573.8000000001,65604.4000000001,74635.0000000001,83665.6000000001,92696.2000000001
"31","India","Malaysia","73811.4","-67.8199999999996","0.97510716795192","0.000382281891783333",69742.2,69064,68385.8,67707.6,67029.4,66351.2
"32","India","Saudi Arabia","-94513.6000000004","28517.48","0.00980391636696059","0.920215147202834",1616535.2,1901710,2186884.8,2472059.6,2757234.4,3042409.2
"33","India","Sudan","1188","97.81","0.0236256498117786","0.858514734444166",7056.6,8034.7,9012.8,9990.9,10969,11947.1
"34","India","Turkey","447.2","11.7","0.354019121555849","0.285087244319081",1149.2,1266.2,1383.2,1500.2,1617.2,1734.2
"35","India","France","27577.8","1263.43","0.545755194991187","0.133254610862101",103383.6,116017.9,128652.2,141286.5,153920.8,166555.1
"36","India","Japan","-828.6","173.94","0.0236566355032001","0.858394869491715",9607.8,11347.2,13086.6,14826,16565.4,18304.8
"37","India","Singapore","47671.8","701.75","0.476252611265261","0.180170586124285",89776.8,96794.3,103811.8,110829.3,117846.8,124864.3
"38","Bangladesh","United Arab Emirates","-7714.00000000002","1572.05","0.00725207769959629","0.934544232418647",86609,102329.5,118050,133770.5,149491,165211.5
"39","Bangladesh","Qatar","-3501","488.9","0.029944590501183","0.835171849097774",25833,30722,35611,40500,45389,50278
"40","Bangladesh","Oman","-7254.40000000001","2496.04","0.0143734054493431","0.897535412816264",142508,167468.4,192428.8,217389.2,242349.6,267310
"41","Bangladesh","Switzerland","-53.2000000000002","18.84","0.141744792515245","0.56706082635502",1077.2,1265.6,1454,1642.4,1830.8,2019.2
"42","Bangladesh","Afghanistan","-2478.8","1142.31","0.0128073515217596","0.904967369403345",66059.8,77482.9,88906,100329.1,111752.2,123175.3
"43","Bangladesh","Australia","-1596","199.76","0.075756066968231","0.703658798993002",10389.6,12387.2,14384.8,16382.4,18380,20377.6
"44","Bangladesh","Canada","-1871","427.07","0.128291107750175","0.591865882205427",23753.2,28023.9,32294.6,36565.3,40836,45106.7
"45","Bangladesh","Germany","-2558","318.23","0.0778670960389893","0.698580003777604",16535.8,19718.1,22900.4,26082.7,29265,32447.3
"46","Bangladesh","United Kingdom","-21589","4305.96","0.00789748753821858","0.930771250710768",236768.6,279828.2,322887.8,365947.4,409007,452066.6
"47","Bangladesh","United States","-16943.2","2073.48","0.0775490393762718","0.699341274418032",107465.6,128200.4,148935.2,169670,190404.8,211139.6
"48","Bangladesh","Jordan","-1346.2","142.77","0.139856464888062","0.570467301256561",7220,8647.7,10075.4,11503.1,12930.8,14358.5
"49","Bangladesh","Kuwait","-5791.2","947.72","0.0614560538268006","0.739834062646646",51072,60549.2,70026.4,79503.6,88980.8,98458
"50","Bangladesh","Lebanon","-2531.2","320.04","0.0451754717785423","0.785691318754187",16671.2,19871.6,23072,26272.4,29472.8,32673.2
"51","Bangladesh","Malaysia","-10999.4","1888.68","0.0215023844380896","0.866874989491324",102321.4,121208.2,140095,158981.8,177868.6,196755.4
"52","Bangladesh","Saudi Arabia","-34329.8000000001","10358.36","0.00980392901533211","0.920215079728461",587171.8,690755.4,794339,897922.6,1001506.2,1105089.8
"53","Bangladesh","France","4372.79999999999","180.91","0.651211076033579","0.0770305347465185",15227.4,17036.5,18845.6,20654.7,22463.8,24272.9
"54","Bangladesh","Japan","-1234","179.06","0.0321311670756202","0.827545769286011",9509.6,11300.2,13090.8,14881.4,16672,18462.6
"55","Bangladesh","Singapore","-911.600000000005","442.37","0.00530602678254647","0.946716327122574",25630.6,30054.3,34478,38901.7,43325.4,47749.1
"56","China","Switzerland","-130.6","123.85","0.103435210922297","0.64136931286077",7300.4,8538.9,9777.4,11015.9,12254.4,13492.9
"57","China","Australia","-11080.2","3535.99","0.04187605169812","0.795765711913396",201079.2,236439.1,271799,307158.9,342518.8,377878.7
"58","China","Canada","-2889.20000000005","6764.52","0.0425239667896937","0.793762942945898",402982,470627.2,538272.4,605917.6,673562.8,741208
"59","China","Germany","-15788.6","1789.49","0.141805302223762","0.566952059087818",91580.8,109475.7,127370.6,145265.5,163160.4,181055.3
"60","China","United Kingdom","-2867","1776.6","0.104749480881309","0.638616755705508",103729,121495,139261,157027,174793,192559
"61","China","United States","12161.3999999999","21755.74","0.0133354411134968","0.902426274273938",1317505.8,1535063.2,1752620.6,1970178,2187735.4,2405292.8
"62","China","Jordan","-1828.4","184.11","0.175212306564322","0.510280286858624",9218.2,11059.3,12900.4,14741.5,16582.6,18423.7
"63","China","Malaysia","226953.4","-1805.88","0.768802169319133","0.033343584409815",118600.6,100541.8,82483,64424.2,46365.4,28306.6
"64","China","Russia","-298.6","29.86","0.181690113816209","0.5",1493,1791.6,2090.2,2388.8,2687.4,2986
"65","China","Turkey","-284.4","29.51","0.175653420972088","0.509573490010409",1486.2,1781.3,2076.4,2371.5,2666.6,2961.7
"66","China","France","5553.4","351.11","0.202450135478037","0.468410201246271",26620,30131.1,33642.2,37153.3,40664.4,44175.5
"67","China","Japan","-3630.80000000006","6470.76","0.0782316356015852","0.697709165059307",384614.8,449322.4,514030,578737.6,643445.2,708152.8
"68","China","Singapore","238867","1568.89","0.383775416223891","0.256611595408528",333000.4,348689.3,364378.2,380067.1,395756,411444.9
"69","Pakistan","United Arab Emirates","-71306.0000000001","14531.45","0.00725265631641462","0.934540798177358",800581,945895.5,1091210,1236524.5,1381839,1527153.5
"70","Pakistan","Qatar","-4004.00000000001","794.13","0.0247040756183927","0.854377077235126",43643.8,51585.1,59526.4,67467.7,75409,83350.3
"71","Pakistan","Oman","-5174.20000000001","1780.14","0.0143729165372303","0.89753768577869",101634.2,119435.6,137237,155038.4,172839.8,190641.2
"72","Pakistan","Switzerland","224.6","35.98","0.197029011673884","0.476468451788648",2383.4,2743.2,3103,3462.8,3822.6,4182.4
"73","Pakistan","Afghanistan","23417.6","-244.61","0.0315152538049076","0.829673032290973",8741,6294.9,3848.8,1402.7,-1043.40000000001,-3489.5
"74","Pakistan","Australia","-683.400000000002","257.24","0.0329479814586772","0.824748837944297",14751,17323.4,19895.8,22468.2,25040.6,27613
"75","Pakistan","Canada","-6925.60000000001","1690.33","0.0687264020785852","0.721035245606895",94494.2,111397.5,128300.8,145204.1,162107.4,179010.7
"76","Pakistan","Germany","-1212.4","870.36","0.0504573382636417","0.770162696162587",51009.2,59712.8,68416.4,77120,85823.6,94527.2
"77","Pakistan","United Kingdom","47809.5999999999","7281.74","0.00161668317973202","0.975728543670138",484714,557531.4,630348.8,703166.2,775983.6,848801
"78","Pakistan","United States","-35103.4","5482.63","0.0362119276862747","0.81383197094973",293854.4,348680.7,403507,458333.3,513159.6,567985.9
"79","Pakistan","Jordan","547","85.35","0.0671805358154154","0.724958236857971",5668,6521.5,7375,8228.5,9082,9935.5
"80","Pakistan","Kuwait","4937.39999999999","1661.48","0.00985303010228218","0.919953376809605",104626.2,121241,137855.8,154470.6,171085.4,187700.2
"81","Pakistan","Lebanon","-4243.4","525.82","0.0608185755681186","0.741526383852554",27305.8,32564,37822.2,43080.4,48338.6,53596.8
"82","Pakistan","Malaysia","11379","-10.45","0.975120108660043","0.000381884480812689",10752,10647.5,10543,10438.5,10334,10229.5
"83","Pakistan","Saudi Arabia","-59899.4000000001","18073.21","0.00980394690410203","0.920214984298559",1024493.2,1205225.3,1385957.4,1566689.5,1747421.6,1928153.7
"84","Pakistan","Turkey","-29.6000000000003","23.14","0.0535024204621073","0.761512433712843",1358.8,1590.2,1821.6,2053,2284.4,2515.8
"85","Pakistan","France","14539.2","668.15","0.56734703399743","0.120335030302386",54628.2,61309.7,67991.2,74672.7,81354.2,88035.7
"86","Pakistan","Japan","-954.800000000001","165.04","0.0257888180282486","0.850283465265001",8947.6,10598,12248.4,13898.8,15549.2,17199.6
"87","Pakistan","Singapore","-571.800000000001","239.34","0.145211360601071","0.560868092725585",13788.6,16182,18575.4,20968.8,23362.2,25755.6
"88","Indonesia","United Arab Emirates","-751.6","153.2","0.00725604233503355","0.934520703208529",8440.4,9972.4,11504.4,13036.4,14568.4,16100.4
"89","Indonesia","Qatar","-2931.6","319.82","0.12706677495468","0.594187406386502",16257.6,19455.8,22654,25852.2,29050.4,32248.6
"90","Indonesia","Switzerland","108.4","18.13","0.195923249557922","0.478128227432339",1196.2,1377.5,1558.8,1740.1,1921.4,2102.7
"91","Indonesia","Australia","311.800000000001","1055.79","0.00885268010615825","0.925381266105613",63659.2,74217.1,84775,95332.9,105890.8,116448.7
"92","Indonesia","Canada","-882.8","264.32","0.00595170371432647","0.942527260402972",14976.4,17619.6,20262.8,22906,25549.2,28192.4
"93","Indonesia","Germany","1703.8","241","0.0536456189495856","0.761110713351996",16163.8,18573.8,20983.8,23393.8,25803.8,28213.8
"94","Indonesia","United Kingdom","3094.8","-47.96","0.697734501365972","0.0574631704692671",217.2,-262.4,-742,-1221.6,-1701.2,-2180.8
"95","Indonesia","United States","-7686.6","2072.51","0.00555364620847191","0.945089860037358",116664,137389.1,158114.2,178839.3,199564.4,220289.5
"96","Indonesia","Jordan","-2037.4","206.52","0.176163530924676","0.508757385989311",10353.8,12419,14484.2,16549.4,18614.6,20679.8
"97","Indonesia","Kuwait","-3765.4","607.55","0.0639008438338549","0.733411701026047",32687.6,38763.1,44838.6,50914.1,56989.6,63065.1
"98","Indonesia","Lebanon","-2013.2","213.02","0.135222476037346","0.57892870057285",10768,12898.2,15028.4,17158.6,19288.8,21419
"99","Indonesia","Malaysia","-126107.8","21105.78","0.0286769668674497","0.839691119951137",1140239,1351296.8,1562354.6,1773412.4,1984470.2,2195528
"100","Indonesia","Saudi Arabia","-26881.8000000001","8111.06","0.00980394156508445","0.920215012780216",459781.8,540892.4,622003,703113.6,784224.2,865334.8
"101","Indonesia","France","7570.8","341.97","0.609698761531966","0.0971341996527057",28089,31508.7,34928.4,38348.1,41767.8,45187.5
"102","Indonesia","Japan","-1571","391.77","0.0821563084407343","0.688445185494711",21935.2,25852.9,29770.6,33688.3,37606,41523.7
"103","Indonesia","Singapore","17749","989.5","0.079922361233992","0.693693531557124",77119,87014,96909,106804,116699,126594
"104","Philippines","United Arab Emirates","-974.600000000001","198.58","0.00724708866572675","0.934573847632342",10940.2,12926,14911.8,16897.6,18883.4,20869.2
"105","Philippines","Qatar","-3699.2","415.36","0.105491160813835","0.637070627795835",21222.4,25376,29529.6,33683.2,37836.8,41990.4
"106","Philippines","Oman","-861.200000000003","296.21","0.0143685154807824","0.8975581476449",16911.4,19873.5,22835.6,25797.7,28759.8,31721.9
"107","Philippines","Switzerland","-400.200000000001","99","0.133489626086374","0.582130852894815",5539.8,6529.8,7519.8,8509.8,9499.8,10489.8
"108","Philippines","Australia","-16807.4","2738.93","0.0188423544280008","0.877797845485928",147528.4,174917.7,202307,229696.3,257085.6,284474.9
"109","Philippines","Canada","-19865.6000000001","5240.96","0.0246607984622552","0.854541791908909",294592,347001.6,399411.2,451820.8,504230.4,556640
"110","Philippines","Germany","-11031","1344.67","0.0886533595869432","0.673534475305964",69649.2,83095.9,96542.6,109989.3,123436,136882.7
"111","Philippines","United Kingdom","2866.6","209.58","0.584964587960145","0.110345217014991",15441.4,17537.2,19633,21728.8,23824.6,25920.4
"112","Philippines","United States","-17292.4000000004","36006.5","0.00266825501715363","0.966169010407189",2143097.6,2503162.6,2863227.6,3223292.6,3583357.6,3943422.6
"113","Philippines","Jordan","-738","89.65","0.0601999528442354","0.743175822899564",4641,5537.5,6434,7330.5,8227,9123.5
"114","Philippines","Kuwait","-4835.40000000001","787.48","0.0623078586500068","0.737584310764537",42413.4,50288.2,58163,66037.8,73912.6,81787.4
"115","Philippines","Lebanon","-2543.2","275.92","0.115505540107392","0.616681838902232",14012,16771.2,19530.4,22289.6,25048.8,27808
"116","Philippines","Malaysia","-19267.2","5044.92","0.0160501548494948","0.889897551293982",283428,333877.2,384326.4,434775.6,485224.8,535674
"117","Philippines","Russia","-1316","131.6","0.181690113816209","0.5",6580,7896,9212,10528,11844,13160
"118","Philippines","Saudi Arabia","-34690.8","10467.13","0.00980388730395255","0.920215302243324",593337,698008.3,802679.6,907350.9,1012022.2,1116693.5
"119","Philippines","France","1563.2","91.73","0.469680626282874","0.185049839771563",7067,7984.3,8901.6,9818.9,10736.2,11653.5
"120","Philippines","Japan","-17645.2","2786.5","0.0422611056845872","0.794573991008725",149544.8,177409.8,205274.8,233139.8,261004.8,288869.8
"121","Philippines","Singapore","666.599999999998","296.1","0.266855770312216","0.3815829640903",18432.6,21393.6,24354.6,27315.6,30276.6,33237.6
"122","Sudan","United Arab Emirates","-5339.2","1088.06","0.00725280696039308","0.934539904081986",59944.4,70825,81705.6,92586.2,103466.8,114347.4
"123","Sudan","Qatar","-1830.8","217.9","0.119786200948776","0.608228973859662",11243.2,13422.2,15601.2,17780.2,19959.2,22138.2
"124","Sudan","Oman","-712.400000000001","245.11","0.0143789950421852","0.897509428680566",13994.2,16445.3,18896.4,21347.5,23798.6,26249.7
"125","Sudan","Australia","-417","101.56","0.0663163169045603","0.727168305130626",5676.6,6692.2,7707.8,8723.4,9739,10754.6
"126","Sudan","Canada","-574.8","137.58","0.148606549185881","0.554877419013501",7680,9055.8,10431.6,11807.4,13183.2,14559
"127","Sudan","United Kingdom","771","-22.02","0.165307055747887","0.526420676737931",-550.2,-770.4,-990.6,-1210.8,-1431,-1651.2
"128","Sudan","United States","-2586.4","423.17","0.0445136704971907","0.787687698457237",22803.8,27035.5,31267.2,35498.9,39730.6,43962.3
"129","Sudan","Iraq","510.6","33.58","0.363110465067055","0.276168169960374",2525.4,2861.2,3197,3532.8,3868.6,4204.4
"130","Sudan","Jordan","-277.600000000001","61.36","0.0110991081233793","0.913459612467257",3404,4017.6,4631.2,5244.8,5858.4,6472
"131","Sudan","Kuwait","384.4","87.06","0.0242608221875636","0.856069319688469",5608,6478.6,7349.2,8219.8,9090.4,9961
"132","Sudan","Lebanon","-1342","144.99","0.13779620812574","0.574211143298928",7357.4,8807.3,10257.2,11707.1,13157,14606.9
"133","Sudan","Saudi Arabia","-18654.8","5628.71","0.00980390896452541","0.920215186692095",319067.8,375354.9,431642,487929.1,544216.2,600503.3
"134","Spain","Switzerland","71412","1321.82","0.42070371341316","0.224008969876915",150721.2,163939.4,177157.6,190375.8,203594,216812.2
"135","Spain","Australia","7684.2","191.58","0.207731403082025","0.460683271069267",19179,21094.8,23010.6,24926.4,26842.2,28758
"136","Spain","Canada","11137","94","0.631200961606076","0.0864028662126716",16777,17717,18657,19597,20537,21477
"137","Spain","Germany","137719","501.039999999999","0.856697638580444","0.012721360359404",167781.4,172791.8,177802.2,182812.6,187823,192833.4
"138","Spain","United Kingdom","23438.6","802.1","0.0218858154135985","0.865343132807633",71564.6,79585.6,87606.6,95627.6,103648.6,111669.6
"139","Spain","United States","51021.6","1882.73","0.00316017677984347","0.962160450345068",163985.4,182812.7,201640,220467.3,239294.6,258121.9
"140","Spain","Turkey","6.39999999999998","17.19","0.328293486051858","0.311423939679707",1037.8,1209.7,1381.6,1553.5,1725.4,1897.3
"141","Spain","France","416157","-1842.69","0.859571696140303","0.0122141233434826",305595.6,287168.7,268741.8,250314.9,231888,213461.1
"142","Spain","Japan","-271.4","39.72","0.0309929442614146","0.831489629031544",2111.8,2509,2906.2,3303.4,3700.6,4097.8
"143","Sri Langka","United Arab Emirates","-381.8","77.83","0.00725873687483628","0.934504714309023",4288,5066.3,5844.6,6622.9,7401.2,8179.5
"144","Sri Langka","Qatar","-1206.8","165.1","0.0356171766651763","0.815791615305354",8699.2,10350.2,12001.2,13652.2,15303.2,16954.2
"145","Sri Langka","Oman","-2029.40000000001","698.16","0.0143721167459534","0.897541404085279",39860.2,46841.8,53823.4,60805,67786.6,74768.2
"146","Sri Langka","Switzerland","-6224.20000000001","738.87","0.104557998027674","0.639016768718946",38108,45496.7,52885.4,60274.1,67662.8,75051.5
"147","Sri Langka","Afghanistan","0.599999999999329","57.65","0.0139828118694857","0.899360350348479",3459.6,4036.1,4612.6,5189.1,5765.6,6342.1
"148","Sri Langka","Australia","-2734.80000000001","1284.55","0.00673891074144908","0.937629195590739",74338.2,87183.7,100029.2,112874.7,125720.2,138565.7
"149","Sri Langka","Canada","-7616.40000000001","1753.83","0.119588960172116","0.608615171800083",97613.4,115151.7,132690,150228.3,167766.6,185304.9
"150","Sri Langka","Germany","-10475.6","1373.43","0.0546138256557586","0.758406121890708",71930.2,85664.5,99398.8,113133.1,126867.4,140601.7
"151","Sri Langka","United Kingdom","18243.4","96.5599999999999","0.863305425548943","0.0115707603480576",24037,25002.6,25968.2,26933.8,27899.4,28865
"152","Sri Langka","United States","-3654","659.93","0.0132168094153926","0.902993898572419",35941.8,42541.1,49140.4,55739.7,62339,68938.3
"153","Sri Langka","Jordan","-2456.4","314.71","0.0428601410888858","0.792728608222789",16426.2,19573.3,22720.4,25867.5,29014.6,32161.7
"154","Sri Langka","Kuwait","-1896.2","308.66","0.0623956267024782","0.737353243897016",16623.4,19710,22796.6,25883.2,28969.8,32056.4
"155","Sri Langka","Lebanon","-833.800000000001","107.82","0.0420149362500834","0.79533536892733",5635.4,6713.6,7791.8,8870,9948.2,11026.4
"156","Sri Langka","Malaysia","2814","-2.78000000000005","0.974591401838691","0.000398289480571022",2647.2,2619.4,2591.6,2563.8,2535.99999999999,2508.19999999999
"157","Sri Langka","Saudi Arabia","-10411.8","3141.45","0.00980400903507011","0.920214652853545",178075.2,209489.7,240904.2,272318.7,303733.2,335147.7
"158","Sri Langka","France","2120.6","204.21","0.302309174558946","0.339776117067858",14373.2,16415.3,18457.4,20499.5,22541.6,24583.7
"159","Sri Langka","Japan","-790","107.28","0.0486207609053436","0.775483625858726",5646.8,6719.6,7792.4,8865.2,9938,11010.8
"160","Sri Langka","Singapore","777.6","37.84","0.378121091602346","0.261865772708582",3048,3426.4,3804.8,4183.2,4561.6,4940
"161","Myanmar","Australia","1108.4","242.56","0.00338139334361616","0.960428688780454",15662,18087.6,20513.2,22938.8,25364.4,27790
"162","Myanmar","Canada","-311.2","96.17","0.00742523795205108","0.933520739275573",5459,6420.7,7382.4,8344.1,9305.8,10267.5
"163","Myanmar","United Kingdom","15001.4","-256.05","0.14778827238175","0.556314597080605",-361.600000000002,-2922.1,-5482.6,-8043.1,-10603.6,-13164.1
"164","Myanmar","United States","-3849.20000000001","908.5","0.00714309450206705","0.935192806508701",50660.8,59745.8,68830.8,77915.8,87000.8,96085.8
"165","Myanmar","Malaysia","-1804.6","245.67","0.0579531341211021","0.749227441177357",12935.6,15392.3,17849,20305.7,22762.4,25219.1
"166","Myanmar","France","627.4","25.96","0.651416755105955","0.076937229680877",2185,2444.6,2704.2,2963.8,3223.4,3483
"167","Myanmar","Japan","-863.400000000001","104.04","0.08950507844918","0.67161699371821",5379,6419.4,7459.8,8500.2,9540.6,10581
"168","Libya","Qatar","226.2","11.09","0.571809231879318","0.117758447353051",891.6,1002.5,1113.4,1224.3,1335.2,1446.1
"169","Libya","Australia","-41.1999999999999","37.53","0.00409487767588363","0.955091212678233",2210.6,2585.9,2961.2,3336.5,3711.8,4087.1
"170","Libya","Canada","893.4","34.13","0.433391998600756","0.213463935556392",2941.2,3282.5,3623.8,3965.1,4306.4,4647.7
"171","Libya","Germany","-121.4","25.51","0.0808033432125774","0.691616074704217",1409.2,1664.3,1919.4,2174.5,2429.6,2684.7
"172","Libya","United Kingdom","1259.6","70.87","0.605575223127227","0.0992716243266702",5511.8,6220.5,6929.2,7637.9,8346.6,9055.3
"173","Libya","United States","-3997.2","767.9","0.0665712231867722","0.726515154784617",42076.8,49755.8,57434.8,65113.8,72792.8,80471.8
"174","Libya","Sudan","23949.2","-132.61","0.424315019434563","0.220974480276055",15992.6,14666.5,13340.4,12014.3,10688.2,9362.1
"175","Libya","Turkey","-241.000000000001","61.54","0.0867621458714539","0.677822349791744",3451.4,4066.8,4682.2,5297.6,5913,6528.4
"176","Iran, Islamic Rep.","United Arab Emirates","-9628.20000000001","1962.18","0.00725225286630549","0.934543192748501",108102.6,127724.4,147346.2,166968,186589.8,206211.6
"177","Iran, Islamic Rep.","Qatar","2341.4","52.23","0.519582085314399","0.149944495800578",5475.2,5997.5,6519.8,7042.1,7564.4,8086.7
"178","Iran, Islamic Rep.","Switzerland","926.999999999999","62.29","0.209283752860455","0.458434705721583",4664.4,5287.3,5910.2,6533.1,7156,7778.9
"179","Iran, Islamic Rep.","Australia","-2858.4","490.93","0.0142710733349052","0.898011771141395",26597.4,31506.7,36416,41325.3,46234.6,51143.9
"180","Iran, Islamic Rep.","Canada","-6222.40000000001","1505.5","0.075475145617804","0.704339324036064",84107.6,99162.6,114217.6,129272.6,144327.6,159382.6
"181","Iran, Islamic Rep.","Germany","-4724.80000000003","2549.02","0.00737476787421602","0.933818175410611",148216.4,173706.6,199196.8,224687,250177.2,275667.4
"182","Iran, Islamic Rep.","United Kingdom","-5772.60000000001","1687.23","0.0239843878413749","0.857130590948322",95461.2,112333.5,129205.8,146078.1,162950.4,179822.7
"183","Iran, Islamic Rep.","United States","-25300.8","7974.7","0.00548549697514307","0.945534925945814",453181.2,532928.2,612675.2,692422.2,772169.2,851916.2
"184","Iran, Islamic Rep.","Iraq","30069.6","-671.42","0.00400377604834688","0.955753713776711",-10215.6,-16929.8,-23644,-30358.2,-37072.4,-43786.6
"185","Iran, Islamic Rep.","Kuwait","42955.8","-495.66","0.641716785714468","0.0814044538633912",13216.2,8259.6,3303,-1653.60000000001,-6610.2,-11566.8
"186","Iran, Islamic Rep.","Lebanon","284.2","43.77","0.0713056358852596","0.714573676384077",2910.4,3348.1,3785.8,4223.5,4661.2,5098.9
"187","Iran, Islamic Rep.","Russia","-2337.2","233.72","0.181690113816209","0.5",11686,14023.2,16360.4,18697.6,21034.8,23372
"188","Iran, Islamic Rep.","Saudi Arabia","-262.8","79.35","0.0098112134150635","0.920176225305755",4498.2,5291.7,6085.2,6878.7,7672.2,8465.7
"189","Iran, Islamic Rep.","Turkey","4204.4","200.93","0.0167286142677428","0.886890745230165",16260.2,18269.5,20278.8,22288.1,24297.4,26306.7
"190","Iran, Islamic Rep.","France","6924.6","371.66","0.19418348009554","0.48075088984077",29224.2,32940.8,36657.4,40374,44090.6,47807.2
"191","Iran, Islamic Rep.","Japan","-1044.4","117.32","0.128081635146032","0.592262283885738",5994.8,7168,8341.2,9514.4,10687.6,11860.8
"192","Nepal","Afghanistan","755.599999999999","135.86","0.0201574876149395","0.872330559560721",8907.2,10265.8,11624.4,12983,14341.6,15700.2
"193","Nepal","Australia","-467.6","55.29","0.108407337459865","0.631041026178368",2849.8,3402.7,3955.6,4508.5,5061.4,5614.3
"194","Nepal","Canada","-95","22.82","0.0830908397720431","0.686268576937898",1274.2,1502.4,1730.6,1958.8,2187,2415.2
"195","Nepal","United States","-2120.8","269.54","0.085124818835359","0.681568892879405",14051.6,16747,19442.4,22137.8,24833.2,27528.6
"196","Nepal","Malaysia","100.8","52.39","0.222884000468026","0.439159332389876",3244.2,3768.1,4292,4815.9,5339.8,5863.7
"197","Nepal","Saudi Arabia","-1268.8","382.81","0.00980705962011942","0.920198380066009",21699.8,25527.9,29356,33184.1,37012.2,40840.3
"198","Nepal","Japan","-420.000000000001","67.67","0.0966788856886277","0.655786806589883",3640.2,4316.9,4993.6,5670.3,6347,7023.7
"199","Nepal","Singapore","189","12.33","0.365420350520944","0.273933250832635",928.8,1052.1,1175.4,1298.7,1422,1545.3
"200","Morocco","United Arab Emirates","-349.8","71.28","0.00727139881066797","0.93442960867396",3927,4639.8,5352.6,6065.4,6778.2,7491
"201","Morocco","Qatar","3753.4","91.08","0.624111701648564","0.0898646837512087",9218.2,10129,11039.8,11950.6,12861.4,13772.2
"202","Morocco","Switzerland","6899.4","16.96","0.899556326923611","0.00623632948634048",7917,8086.6,8256.2,8425.8,8595.4,8765
"203","Morocco","Australia","130.2","27.79","0.00757647700966605","0.932633672596936",1797.6,2075.5,2353.4,2631.3,2909.2,3187.1
"204","Morocco","Canada","-2161.20000000001","614.32","0.0099997646729516","0.919174053663669",34698,40841.2,46984.4,53127.6,59270.8,65414
"205","Morocco","Germany","4281.59999999998","1886.56","0.0159488073826453","0.890350664692507",117475.2,136340.8,155206.4,174072,192937.6,211803.2
"206","Morocco","United Kingdom","5903.4","277.43","0.247505810945477","0.406078670848354",22549.2,25323.5,28097.8,30872.1,33646.4,36420.7
"207","Morocco","United States","-3231.40000000001","1002.08","0.00595302089431761","0.942518881942604",56893.4,66914.2,76935,86955.8,96976.6,106997.4
"208","Morocco","Lebanon","-305.6","96.79","0.16067622191406","0.534149489311963",5501.8,6469.7,7437.6,8405.5,9373.4,10341.3
"209","Morocco","Saudi Arabia","-1428.4","431.02","0.00979978632190298","0.920237181120283",24432.8,28743,33053.2,37363.4,41673.6,45983.8
"210","Morocco","Sudan","8385.4","-46.63","0.422962293286843","0.222108025498964",5587.6,5121.3,4655,4188.7,3722.4,3256.1
"211","Morocco","Turkey","4122.4","13.1","0.921357557502822","0.00381985804970321",4908.4,5039.4,5170.4,5301.4,5432.4,5563.4
"212","Morocco","France","267013.4","5730.3","0.462610062871248","0.190388876417581",610831.4,668134.4,725437.4,782740.4,840043.4,897346.4
"213","Mali","Germany","-1545.2","200.18","0.183878585907734","0.49657411967723",10465.6,12467.4,14469.2,16471,18472.8,20474.6
"214","Mali","United Kingdom","-443.4","77","0.180517939820736","0.501844645149198",4176.6,4946.6,5716.6,6486.6,7256.6,8026.6
"215","Mali","United States","-179.6","32.27","0.0521812508015711","0.765239942305324",1756.6,2079.3,2402,2724.7,3047.4,3370.1
"216","Mali","Sudan","615.4","22.16","0.0145700549676406","0.896623449468598",1945,2166.6,2388.2,2609.8,2831.4,3053
"217","Mali","France","5786.6","316.8","0.577429466262071","0.114558071741086",24794.6,27962.6,31130.6,34298.6,37466.6,40634.6
"218","Mexico","Switzerland","95.4","27.41","0.174161269117456","0.511968401539173",1740,2014.1,2288.2,2562.3,2836.4,3110.5
"219","Mexico","Australia","-197","29.98","0.0276984909818283","0.843232080481907",1601.8,1901.6,2201.4,2501.2,2801,3100.8
"220","Mexico","Canada","46320","247.47","0.896193831904072","0.00666180598437658",61168.2,63642.9,66117.6,68592.3,71067,73541.7
"221","Mexico","Germany","17.3999999999999","49.3","0.130948442984281","0.58686519541134",2975.4,3468.4,3961.4,4454.4,4947.4,5440.4
"222","Mexico","United States","-650839.800000001","212400.55","0.0206934533836057","0.870140642484383",12093193.2,14217198.7,16341204.2,18465209.7,20589215.2,22713220.7
"223","Mexico","Malaysia","-687.2","91.91","0.0626870903899526","0.736586894767746",4827.4,5746.5,6665.6,7584.7,8503.8,9422.9
"224","Mexico","Russia","-5020.8","502.08","0.181690113816209","0.5",25104,30124.8,35145.6,40166.4,45187.2,50208
"225","Mexico","France","1287.4","73.67","0.175872495641203","0.509222838159192",5707.6,6444.3,7181,7917.7,8654.4,9391.1
"226","Mexico","Japan","-287","38.31","0.0426696152459012","0.793314414008675",2011.6,2394.7,2777.8,3160.9,3544,3927.1
"227","Mexico","Singapore","-298.4","46.81","0.0800804356365575","0.693320026624387",2510.2,2978.3,3446.4,3914.5,4382.6,4850.7
"228","Nigeria","Switzerland","-90.4000000000002","25.38","0.160027128662738","0.535242468649633",1432.4,1686.2,1940,2193.8,2447.6,2701.4
"229","Nigeria","Australia","-54.4000000000003","39.76","0.0077326074025666","0.931724438392438",2331.2,2728.8,3126.4,3524,3921.6,4319.2
"230","Nigeria","Canada","4050","131.61","0.497914957842538","0.164644172804227",11946.6,13262.7,14578.8,15894.9,17211,18527.1
"231","Nigeria","Germany","-1380.6","313.54","0.0913989061167576","0.667383008276151",17431.8,20567.2,23702.6,26838,29973.4,33108.8
"232","Nigeria","United Kingdom","6521.19999999999","2023.5","0.035743743932922","0.815373520979488",127931.2,148166.2,168401.2,188636.2,208871.2,229106.2
"233","Nigeria","United States","-17680.4","3403.59","0.019314921884236","0.875817482584201",186535,220570.9,254606.8,288642.7,322678.6,356714.5
"234","Nigeria","Saudi Arabia","-1039.4","313.6","0.00980611817946748","0.920203401816468",17776.6,20912.6,24048.6,27184.6,30320.6,33456.6
"235","Nigeria","Sudan","8662.8","309","0.0143773236799702","0.897517197896281",27202.8,30292.8,33382.8,36472.8,39562.8,42652.8
"236","Nigeria","France","5183.8","-20.6","0.868706473056528","0.0106712446228982",3947.8,3741.8,3535.8,3329.8,3123.8,2917.8
"237","Nigeria","Japan","-261.6","29.99","0.113373977340597","0.620947925161492",1537.8,1837.7,2137.6,2437.5,2737.4,3037.3
"238","Romania","Qatar","4047.4","43.24","0.785395890756902","0.0286837763518132",6641.8,7074.2,7506.6,7939,8371.4,8803.8
"239","Romania","Switzerland","849.999999999998","323.43","0.484478841772031","0.174174784579351",20255.8,23490.1,26724.4,29958.7,33193,36427.3
"240","Romania","Australia","3306.6","224.31","0.0166956184466302","0.887035930312266",16765.2,19008.3,21251.4,23494.5,25737.6,27980.7
"241","Romania","Canada","16693.2","740.81","0.168658288602024","0.520901306662974",61141.8,68549.9,75958,83366.1,90774.2,98182.3
"242","Romania","Germany","-5221.99999999994","16593.1","0.330848294090926","0.308733562721779",990364,1156295,1322226,1488157,1654088,1820019
"243","Romania","United Kingdom","9510.4","118.63","0.773744016013389","0.0319179759629493",16628.2,17814.5,19000.8,20187.1,21373.4,22559.7
"244","Romania","United States","72399.2","1208.57","0.177967900312173","0.505881294491481",144913.4,156999.1,169084.8,181170.5,193256.2,205341.9
"245","Romania","Lebanon","303.2","57.1","0.257610212515044","0.393130496111222",3729.2,4300.2,4871.2,5442.2,6013.2,6584.2
"246","Romania","Turkey","53723","-1150.21","0.0616791152919842","0.739243652986713",-15289.6,-26791.7,-38293.8,-49795.9,-61298,-72800.1
"247","Romania","France","32545.2","901.310000000001","0.625357272301784","0.0892510443231585",86623.8000000001,95636.9000000001,104650,113663.1,122676.2,131689.3
"248","Romania","Japan","-241","25.88","0.168998990318362","0.520343585949161",1311.8,1570.6,1829.4,2088.2,2347,2605.8
"249","Egypt, Arab Rep.","United Arab Emirates","-16774.2","3418.47","0.00725259769824381","0.934541146087058",188334,222518.7,256703.4,290888.1,325072.8,359257.5
"250","Egypt, Arab Rep.","Qatar","-8495.20000000001","1311.47","0.0367169250168871","0.812177951355403",70193,83307.7,96422.4,109537.1,122651.8,135766.5
"251","Egypt, Arab Rep.","Oman","-2730.80000000001","939.51","0.014372787000508","0.897538288002273",53639.8,63034.9,72430,81825.1,91220.2,100615.3
"252","Egypt, Arab Rep.","Switzerland","-4.60000000000042","29.89","0.153242850565838","0.546812421764774",1788.8,2087.7,2386.6,2685.5,2984.4,3283.3
"253","Egypt, Arab Rep.","Australia","18580.6","441.9","0.0162957944604366","0.888803643910325",45094.6,49513.6,53932.6,58351.6,62770.6,67189.6
"254","Egypt, Arab Rep.","Canada","875.999999999994","853.41","7.9661955216002e-05","0.996723905051025",52080.6,60614.7,69148.8,77682.9,86217,94751.1
"255","Egypt, Arab Rep.","Germany","2430","265.79","0.0262246657584542","0.848657100602482",18377.4,21035.3,23693.2,26351.1,29009,31666.9
"256","Egypt, Arab Rep.","United Kingdom","14399","301.28","0.422153441654023","0.222787601280477",32475.8,35488.6,38501.4,41514.2,44527,47539.8
"257","Egypt, Arab Rep.","United States","4300.79999999999","2688.11","0.000947711398385461","0.982974382911343",165587.4,192468.5,219349.6,246230.7,273111.8,299992.9
"258","Egypt, Arab Rep.","Iraq","1762","105.99","0.373546196318468","0.266169846208483",8121.4,9181.3,10241.2,11301.1,12361,13420.9
"259","Egypt, Arab Rep.","Jordan","-12687","2834.13","0.0114327201272632","0.91176612329833",157360.8,185702.1,214043.4,242384.7,270726,299067.3
"260","Egypt, Arab Rep.","Kuwait","15369.8","3085.22","0.0370394338769383","0.811126313542612",200483,231335.2,262187.4,293039.6,323891.8,354744
"261","Egypt, Arab Rep.","Lebanon","-7140.6","873.18","0.0651266196320046","0.730231011509411",45250.2,53982,62713.8,71445.6,80177.4,88909.2
"262","Egypt, Arab Rep.","Saudi Arabia","-91939.6000000001","27740.8","0.00980398175080133","0.920214798404619",1572508.4,1849916.4,2127324.4,2404732.4,2682140.4,2959548.4
"263","Egypt, Arab Rep.","Sudan","2364.8","-12.84","0.430665039175052","0.215702888064915",1594.4,1466,1337.6,1209.2,1080.8,952.4
"264","Egypt, Arab Rep.","Turkey","1557","-3.81000000000001","0.858423758200896","0.0124154674653017",1328.4,1290.3,1252.2,1214.1,1176,1137.9
"265","Egypt, Arab Rep.","France","7384.8","178.5","0.571400609639451","0.11799308041153",18094.8,19879.8,21664.8,23449.8,25234.8,27019.8
"266","Egypt, Arab Rep.","Japan","-200.6","25.43","0.0585734703382602","0.747546920732976",1325.2,1579.5,1833.8,2088.1,2342.4,2596.7
